E20020675704001114907BE9,DUM DUM PARK BHARAT CHAKRA
E20020675704001115007BEA,TALA BAROWARI DURGOTSOB
E200206757040012143084AB,TALA BAROWARI DURGOTSOB
E2002067570400121540733A,DUM DUM PARK BHARAT CHAKRA
E2002067570400121560733C,TALA BAROWARI DURGOTSOB
E20020675704001414807C08,DUM DUM PARK BHARAT CHAKRA
E20020675704001514907BD9,TELENGABAGAN SARBOJONIN
E20020675704001614907BD5,EKDALIA EVERGREEN
E20020675704001714607C12,DUM DUM PARK BHARAT CHAKRA
E2002067570400171530734D,DUM DUM PARK BHARAT CHAKRA
E20020675704001715607350,DUM DUM PARK BHARAT CHAKRA
E20020675704001815607354,DUM DUM PARK BHARAT CHAKRA
E20020675704001816007310,BOSE PUKUR TALBAGAN
E20020675704002015007BC6,BARISHA CLUB
E20020675704002015707305,DUM DUM PARK BHARAT CHAKRA
E20020675704002114607C22,BARISHA CLUB
E20020675704002115207BC4,BARISHA CLUB
E20020675704002214907BBD,TELENGABAGAN SARBOJONIN
E20020675704002214907BBD,HATIBAGAN NABIN PALLY
E20020675704002215007BBE,BARISHA CLUB
E200206757040022157072FD,BARISHA CLUB
E200206757040022159072FF,TELENGABAGAN SARBOJONIN
E2002067570400241430847B,AHIRITOLA SARBOJANIN
E20020675704002414607C2E,AHIRITOLA SARBOJANIN
E200206757040024160072F8,DUM DUM PARK BHARAT CHAKRA
E200206757040025157072F1,DUM DUM PARK BHARAT CHAKRA
E20020675704002615607374,DUM DUM PARK BHARAT CHAKRA
E20020675704002714507C39,TALA BAROWARI DURGOTSOB
E20020675704002814507C3D,BARISHA CLUB
E2002067570400281560737C,DUM DUM PARK BHARAT CHAKRA
E20020675704002915607380,DUM DUM PARK BHARAT CHAKRA
E20020675704003015607384,BARISHA CLUB
E200206757040030158072DE,DUM DUM PARK BHARAT CHAKRA
E200206757040031160072DC,DUM DUM PARK BHARAT CHAKRA
E20020675704003314807C54,TELENGABAGAN SARBOJONIN
E20020675704003414308453,AHIRITOLA SARBOJANIN
E20020675704003414607C56,AHIRITOLA SARBOJANIN
E20020675704003514907B89,EKDALIA EVERGREEN
E2002067570400371530739D,TELENGABAGAN SARBOJONIN
E20020675704003914907B79,BARISHA CLUB
E200206757040040154073AA,AHIRITOLA SARBOJANIN
E200206757040041155073AF,BARISHA CLUB
E20020675704004214607C76,DUM DUM PARK BHARAT CHAKRA
E20020675704004315007B6A,DUM DUM PARK BHARAT CHAKRA
E20020675704004414907B65,TELENGABAGAN SARBOJONIN
E200206757040045155073BF,AHIRITOLA SARBOJANIN
E20020675704004714707C8B,TALA BAROWARI DURGOTSOB
E200206757040049155073CF,AHIRITOLA SARBOJANIN
E20020675704005014807C98,BARISHA CLUB
E2002067570400511590728B,AHIRITOLA SARBOJANIN
E20020675704005214507C9D,BARISHA CLUB
E200206757040055143083FF,DUM DUM PARK BHARAT CHAKRA
E2002067570400551600727C,AHIRITOLA SARBOJANIN
E20020675704005615707275,DUM DUM PARK BHARAT CHAKRA
E20020675704005814607CB6,TRIKON PARK SARBOJONIN DURGA PUJA
E200206757040058154073F2,EKDALIA EVERGREEN
E20020675704005914807CBC,BARISHA CLUB
E20020675704006115707261,BARISHA CLUB
E200206757040062144083E4,BARISHA CLUB
E20020675704006314507CC9,DUM DUM PARK BHARAT CHAKRA
E20020675704006315507407,DUM DUM PARK BHARAT CHAKRA
E20020675704006414807CD0,DUM DUM PARK BHARAT CHAKRA
E20020675704006415307409,TELENGABAGAN SARBOJONIN
E20020675704006415707255,BARISHA CLUB
E20020675704006514607CD2,DUM DUM PARK BHARAT CHAKRA
E20020675704006514707CD3,EKDALIA EVERGREEN
E20020675704006615407412,TELENGABAGAN SARBOJONIN
E20020675704006715207B0C,TALA BAROWARI DURGOTSOB
E20020675704006816007248,AHIRITOLA SARBOJANIN
E200206757040069143083C7,AHIRITOLA SARBOJANIN
E200206757040069143083C7,DUM DUM PARK BHARAT CHAKRA
E20020675704007014607CE6,BARISHA CLUB
E20020675704007115607428,BARISHA CLUB
E2002067570400711590723B,DUM DUM PARK BHARAT CHAKRA
E2002067570400721550742B,DUM DUM PARK BHARAT CHAKRA
E20020675704007314507CF1,DUM DUM PARK BHARAT CHAKRA
E20020675704007314807CF4,TELENGABAGAN SARBOJONIN
E20020675704007514707CFB,HATIBAGAN NABIN PALLY
E20020675704007615707225,DUM DUM PARK BHARAT CHAKRA
E200206757040077143083A7,BARISHA CLUB
E20020675704007715607440,TELENGABAGAN SARBOJONIN
E20020675704007715707221,DUM DUM PARK BHARAT CHAKRA
E20020675704007814607D06,DUM DUM PARK BHARAT CHAKRA
E20020675704007814907ADD,HATIBAGAN NABIN PALLY
E20020675704007815607444,DUM DUM PARK BHARAT CHAKRA
E2002067570400781580721E,DUM DUM PARK BHARAT CHAKRA
E20020675704007914607D0A,DUM DUM PARK BHARAT CHAKRA
E20020675704008014507D0D,TALA BAROWARI DURGOTSOB
E20020675704008114308397,DUM DUM PARK BHARAT CHAKRA
E20020675704008115607450,DUM DUM PARK BHARAT CHAKRA
E20020675704008214707D17,TALA BAROWARI DURGOTSOB
E20020675704008215607454,BARISHA CLUB
E2002067570400821570720D,AHIRITOLA SARBOJANIN
E2002067570400821580720E,DUM DUM PARK BHARAT CHAKRA
E20020675704008216007210,DUM DUM PARK BHARAT CHAKRA
E20020675704008315507457,BARISHA CLUB
E20020675704008714707D2B,AHIRITOLA SARBOJANIN
E20020675704008715207ABC,DUM DUM PARK BHARAT CHAKRA
E200206757040087157071F9,DUM DUM PARK BHARAT CHAKRA
E200206757040087159071FB,AHIRITOLA SARBOJANIN
E20020675704008914308377,AHIRITOLA SARBOJANIN
E20020675704008915007AB2,DUM DUM PARK BHARAT CHAKRA
E2002067570400891550746F,BARISHA CLUB
E20020675704008915607470,DUM DUM PARK BHARAT CHAKRA
E20020675704009115407476,BARISHA CLUB
E20020675704009115607478,AHIRITOLA SARBOJANIN
E20020675704009515107A9B,BARISHA CLUB
E20020675704009515207A9C,AHIRITOLA SARBOJANIN
E2002067570400961440835C,AHIRITOLA SARBOJANIN
E200206757040096159071D7,BOSE PUKUR TALBAGAN
E20020675704009714408358,DUM DUM PARK BHARAT CHAKRA
E20020675704009714607D52,TALA BAROWARI DURGOTSOB
E200206757040098160071D0,TELENGABAGAN SARBOJONIN
E20020675704009915107A8B,DUM DUM PARK BHARAT CHAKRA
E20020675704010014807D60,AHIRITOLA SARBOJANIN
E20020675704010015207A88,DUM DUM PARK BHARAT CHAKRA
E20020675704010015307499,TELENGABAGAN SARBOJONIN
E200206757040100158071C6,BARISHA CLUB
E200206757040102154074A2,TELENGABAGAN SARBOJONIN
E200206757040102154074A2,HATIBAGAN NABIN PALLY
E200206757040102156074A4,DUM DUM PARK BHARAT CHAKRA
E200206757040102160071C0,AHIRITOLA SARBOJANIN
E20020675704010315207A7C,TELENGABAGAN SARBOJONIN
E20020675704010515207A74,DUM DUM PARK BHARAT CHAKRA
E2002067570401081440832C,BARISHA CLUB
E20020675704011115207A5C,DUM DUM PARK BHARAT CHAKRA
E200206757040111154074C6,EKDALIA EVERGREEN
E20020675704011214707D8F,BARISHA CLUB
E20020675704011314408318,AHIRITOLA SARBOJANIN
E20020675704011315907193,DUM DUM PARK BHARAT CHAKRA
E20020675704011416007190,AHIRITOLA SARBOJANIN
E2002067570401151580718A,DUM DUM PARK BHARAT CHAKRA
E20020675704011915007A3A,BARISHA CLUB
E20020675704012014607DAE,BARISHA CLUB
E20020675704012215207A30,TALA BAROWARI DURGOTSOB
E200206757040123144082F0,AHIRITOLA SARBOJANIN
E20020675704012314907A29,TELENGABAGAN SARBOJONIN
E20020675704012315207A2C,TALA BAROWARI DURGOTSOB
E20020675704012514707DC3,DUM DUM PARK BHARAT CHAKRA
E200206757040126144082E4,DUM DUM PARK BHARAT CHAKRA
E20020675704012614607DC6,BARISHA CLUB
E20020675704012714607DCA,DUM DUM PARK BHARAT CHAKRA
E20020675704012714907A19,AHIRITOLA SARBOJANIN
E20020675704012914807DD4,DUM DUM PARK BHARAT CHAKRA
E20020675704012916007154,DUM DUM PARK BHARAT CHAKRA
E20020675704013214507DDD,DUM DUM PARK BHARAT CHAKRA
E20020675704013314607DE2,DUM DUM PARK BHARAT CHAKRA
E20020675704013514807DEC,DUM DUM PARK BHARAT CHAKRA
E200206757040135152079FC,DUM DUM PARK BHARAT CHAKRA
E20020675704013515507527,BARISHA CLUB
E20020675704013814807DF8,DUM DUM PARK BHARAT CHAKRA
E20020675704013815507533,BARISHA CLUB
E2002067570401401560753C,DUM DUM PARK BHARAT CHAKRA
E20020675704014214707E07,AHIRITOLA SARBOJANIN
E20020675704014214807E08,DUM DUM PARK BHARAT CHAKRA
E200206757040142151079DF,HATIBAGAN NABIN PALLY
E20020675704014215507543,AHIRITOLA SARBOJANIN
E20020675704014614408294,TELENGABAGAN SARBOJONIN
E200206757040152160070F8,DUM DUM PARK BHARAT CHAKRA
E200206757040154158070EE,HATIBAGAN NABIN PALLY
E200206757040155149079A9,TELENGABAGAN SARBOJONIN
E200206757040155159070EB,BARISHA CLUB
E200206757040156151079A7,AHIRITOLA SARBOJANIN
E20020675704015714408268,BARISHA CLUB
E200206757040157151079A3,AHIRITOLA SARBOJANIN
E2002067570401591430825F,BARISHA CLUB
E200206757040161158070D2,DUM DUM PARK BHARAT CHAKRA
E2002067570401621490798D,AHIRITOLA SARBOJANIN
E20020675704016514308247,DUM DUM PARK BHARAT CHAKRA
E20020675704016514607E62,TELENGABAGAN SARBOJONIN
E20020675704016514907981,BARISHA CLUB
E200206757040166154075A2,HATIBAGAN NABIN PALLY
E20020675704016714408240,BOSE PUKUR TALBAGAN
E20020675704016914507E71,DUM DUM PARK BHARAT CHAKRA
E200206757040169155075AF,DUM DUM PARK BHARAT CHAKRA
E20020675704017015207970,DUM DUM PARK BHARAT CHAKRA
E20020675704017114707E7B,BARISHA CLUB
E2002067570401721440822C,TELENGABAGAN SARBOJONIN
E200206757040172160070A8,BOSE PUKUR TALBAGAN
E200206757040173160070A4,AHIRITOLA SARBOJANIN
E20020675704017414408224,DUM DUM PARK BHARAT CHAKRA
E200206757040174155075C3,DUM DUM PARK BHARAT CHAKRA
E20020675704017514707E8B,DUM DUM PARK BHARAT CHAKRA
E2002067570401751520795C,DUM DUM PARK BHARAT CHAKRA
E200206757040175155075C7,BARISHA CLUB
E200206757040175156075C8,AHIRITOLA SARBOJANIN
E20020675704017615107957,EKDALIA EVERGREEN
E20020675704017715207954,BARISHA CLUB
E200206757040177156075D0,DUM DUM PARK BHARAT CHAKRA
E20020675704017814408214,TELENGABAGAN SARBOJONIN
E200206757040179153075D5,DUM DUM PARK BHARAT CHAKRA
E20020675704018114507EA1,BARISHA CLUB
E20020675704018115007942,DUM DUM PARK BHARAT CHAKRA
E200206757040182154075E2,EKDALIA EVERGREEN
E20020675704018614707EB7,DUM DUM PARK BHARAT CHAKRA
E200206757040186154075F2,DUM DUM PARK BHARAT CHAKRA
E2002067570401871590706B,BARISHA CLUB
E2002067570401871600706C,DUM DUM PARK BHARAT CHAKRA
E20020675704018814607EBE,HATIBAGAN NABIN PALLY
E20020675704019015207920,TELENGABAGAN SARBOJONIN
E20020675704019016007060,DUM DUM PARK BHARAT CHAKRA
E20020675704019115507607,AHIRITOLA SARBOJANIN
E20020675704019215207918,DUM DUM PARK BHARAT CHAKRA
E2002067570401921560760C,AHIRITOLA SARBOJANIN
E20020675704019314807ED4,DUM DUM PARK BHARAT CHAKRA
E20020675704019315207914,DUM DUM PARK BHARAT CHAKRA
E2002067570401951500790A,HATIBAGAN NABIN PALLY
E200206757040196144081CC,DUM DUM PARK BHARAT CHAKRA
E20020675704019615707045,TALA BAROWARI DURGOTSOB
E20020675704019616007048,BARISHA CLUB
E20020675704019714807EE4,BARISHA CLUB
E200206757040198150078FE,BARISHA CLUB
E20020675704020015907037,DUM DUM PARK BHARAT CHAKRA
E20020675704020115907033,AHIRITOLA SARBOJANIN
E200206757040202143081B3,DUM DUM PARK BHARAT CHAKRA
E20020675704020215407632,DUM DUM PARK BHARAT CHAKRA
E2002067570402021590702F,DUM DUM PARK BHARAT CHAKRA
E20020675704020416007028,DUM DUM PARK BHARAT CHAKRA
E200206757040205152078E4,DUM DUM PARK BHARAT CHAKRA
E200206757040206149078DD,EKDALIA EVERGREEN
E2002067570402061590701F,AHIRITOLA SARBOJANIN
E20020675704020714807F0C,DUM DUM PARK BHARAT CHAKRA
E2002067570402081430819B,BARISHA CLUB
E20020675704020815907017,TALA BAROWARI DURGOTSOB
E20020675704020914507F11,DUM DUM PARK BHARAT CHAKRA
E20020675704021015607654,DUM DUM PARK BHARAT CHAKRA
E20020675704021114607F1A,DUM DUM PARK BHARAT CHAKRA
E20020675704021114807F1C,DUM DUM PARK BHARAT CHAKRA
E20020675704021315807002,TELENGABAGAN SARBOJONIN
E20020675704021414408184,DUM DUM PARK BHARAT CHAKRA
E20020675704021415407662,EKDALIA EVERGREEN
E20020675704021514807F2C,TALA BAROWARI DURGOTSOB
E20020675704021515607668,DUM DUM PARK BHARAT CHAKRA
E20020675704021515906FFB,DUM DUM PARK BHARAT CHAKRA
E20020675704021615706FF5,TALA BAROWARI DURGOTSOB
E20020675704021616006FF8,DUM DUM PARK BHARAT CHAKRA
E20020675704021814208172,DUM DUM PARK BHARAT CHAKRA
E20020675704021814507F35,DUM DUM PARK BHARAT CHAKRA
E20020675704022015906FE7,AHIRITOLA SARBOJANIN
E20020675704022114408168,TALA BAROWARI DURGOTSOB
E20020675704022115906FE3,AHIRITOLA SARBOJANIN
E20020675704022214707F47,HATIBAGAN NABIN PALLY
E20020675704022216006FE0,DUM DUM PARK BHARAT CHAKRA
E2002067570402231420815E,TELENGABAGAN SARBOJONIN
E20020675704022315906FDB,TALA BAROWARI DURGOTSOB
E20020675704022514507F51,TALA BAROWARI DURGOTSOB
E2002067570402251550768F,DUM DUM PARK BHARAT CHAKRA
E20020675704022814507F5D,DUM DUM PARK BHARAT CHAKRA
E20020675704022815007886,BARISHA CLUB
E20020675704022815806FC6,TELENGABAGAN SARBOJONIN
E20020675704023015906FBF,DUM DUM PARK BHARAT CHAKRA
E2002067570402311420813E,AHIRITOLA SARBOJANIN
E200206757040231154076A6,HATIBAGAN NABIN PALLY
E20020675704023214907875,DUM DUM PARK BHARAT CHAKRA
E20020675704023215806FB6,AHIRITOLA SARBOJANIN
E20020675704023314807F74,DUM DUM PARK BHARAT CHAKRA
E20020675704023314907871,DUM DUM PARK BHARAT CHAKRA
E2002067570402341510786F,AHIRITOLA SARBOJANIN
E20020675704023514707F7B,DUM DUM PARK BHARAT CHAKRA
E20020675704023614507F7D,DUM DUM PARK BHARAT CHAKRA
E20020675704023614907865,BARISHA CLUB
E20020675704023714507F81,HATIBAGAN NABIN PALLY
E20020675704023715207864,TELENGABAGAN SARBOJONIN
E20020675704023814208122,BARISHA CLUB
E20020675704023814607F86,DUM DUM PARK BHARAT CHAKRA
E20020675704023815906F9F,AHIRITOLA SARBOJANIN
E20020675704024115806F92,TELENGABAGAN SARBOJONIN
E20020675704024214607F96,DUM DUM PARK BHARAT CHAKRA
E200206757040242155076D3,BARISHA CLUB
E20020675704024415007846,DUM DUM PARK BHARAT CHAKRA
E200206757040247142080FE,DUM DUM PARK BHARAT CHAKRA
E200206757040248143080FB,DUM DUM PARK BHARAT CHAKRA
E20020675704024815806F76,DUM DUM PARK BHARAT CHAKRA
E20020675704024915906F73,AHIRITOLA SARBOJANIN
E20020675704025114707FBB,DUM DUM PARK BHARAT CHAKRA
E20020675704025314807FC4,BARISHA CLUB
E200206757040253154076FE,EKDALIA EVERGREEN
E200206757040253155076FF,DUM DUM PARK BHARAT CHAKRA
E20020675704025515307705,DUM DUM PARK BHARAT CHAKRA
E20020675704025615906F57,DUM DUM PARK BHARAT CHAKRA
E200206757040257143080D7,AHIRITOLA SARBOJANIN
E20020675704025715207814,BARISHA CLUB
E20020675704025814607FD6,AHIRITOLA SARBOJANIN
E200206757040262150077FE,HATIBAGAN NABIN PALLY
E200206757040263152077FC,BARISHA CLUB
E20020675704026414707FEF,BARISHA CLUB
E20020675704026614507FF5,BARISHA CLUB
E20020675704026714507FF9,TELENGABAGAN SARBOJONIN
E200206757040269149077E1,AHIRITOLA SARBOJANIN
E2002067570402691540773E,EKDALIA EVERGREEN
E20020675704027015607744,AHIRITOLA SARBOJANIN
E20020675704027114508009,AHIRITOLA SARBOJANIN
E20020675704027414308093,AHIRITOLA SARBOJANIN
E200206757040274149077CD,DUM DUM PARK BHARAT CHAKRA
E2002067570402751420808E,DUM DUM PARK BHARAT CHAKRA
E2002067570402761460801E,BARISHA CLUB
E20020675704027815407762,DUM DUM PARK BHARAT CHAKRA
E200206757040283149077A9,DUM DUM PARK BHARAT CHAKRA
E20020675704028415806EE6,HATIBAGAN NABIN PALLY
E200206757040286152077A0,TELENGABAGAN SARBOJONIN
E20020675704028714907799,AHIRITOLA SARBOJANIN
E20020675704028815007796,DUM DUM PARK BHARAT CHAKRA
E2002067570402881560778C,TELENGABAGAN SARBOJONIN
E200206757050092226029B6,DUM DUM PARK BHARAT CHAKRA
E200206757050096226029C6,AHIRITOLA SARBOJANIN
E200206757050101226029DA,DUM DUM PARK BHARAT CHAKRA
E20020675705012022602A26,BARISHA CLUB
E20020675705015422602AAE,DUM DUM PARK BHARAT CHAKRA
E20020675705015922602AC2,AHIRITOLA SARBOJANIN
E200206757050173286000C6,TELENGABAGAN SARBOJONIN
E20020675705017722602B0A,DUM DUM PARK BHARAT CHAKRA
E200206757050178286000B2,DUM DUM PARK BHARAT CHAKRA
E200206757050181286000A6,DUM DUM PARK BHARAT CHAKRA
E20020675705020922602B8A,DUM DUM PARK BHARAT CHAKRA
E20020675705022922602BDA,DUM DUM PARK BHARAT CHAKRA
E20020675705024222602C0E,DUM DUM PARK BHARAT CHAKRA
E2002069870B00221100A70E,EKDALIA EVERGREEN
E2002069870B00261100A6FE,AHIRITOLA SARBOJANIN
E2002069870B00461090A6AD,BARISHA CLUB
E2002069870B00491100A6A2,BARISHA CLUB
E2002069870B01111090A5A9,TELENGABAGAN SARBOJONIN
E2002069870B01231100A57A,AHIRITOLA SARBOJANIN
E2002069870B01241100A576,AHIRITOLA SARBOJANIN
E2002069870B01351110A54B,DUM DUM PARK BHARAT CHAKRA
E2002069870B013927300605,TELENGABAGAN SARBOJONIN
E2002069870B01441100A526,EKDALIA EVERGREEN
E2002069870B01451110A523,DUM DUM PARK BHARAT CHAKRA
E2002069870B01461110A51F,DUM DUM PARK BHARAT CHAKRA
E2002069870B01491110A513,EKDALIA EVERGREEN
E2002069870B01571110A4F3,AHIRITOLA SARBOJANIN
E2002069870B01641090A4D5,BARISHA CLUB
E2002069870B01701110A4BF,AHIRITOLA SARBOJANIN
E2002069870B01811110A493,AHIRITOLA SARBOJANIN
E2002069870B01861110A47F,AHIRITOLA SARBOJANIN
E2002069870B02121110A417,AHIRITOLA SARBOJANIN
E2002069870B02231110A3EB,BARISHA CLUB
E2002069870B02401110A3A7,BARISHA CLUB
E2002069870B02551110A36B,TELENGABAGAN SARBOJONIN
E2002069870B02561090A365,EKDALIA EVERGREEN
E2002069870B02761110A317,EKDALIA EVERGREEN
E2002069870B02771100A312,BARISHA CLUB
E2002080791100290790C96B,DUM DUM PARK BHARAT CHAKRA
E2002080791100390780CB73,BARISHA CLUB
E2002080791100420820C792,DUM DUM PARK BHARAT CHAKRA
E2002080791100500790C9A1,AHIRITOLA SARBOJANIN
E2002080791100540770C9A7,EKDALIA EVERGREEN
E2002080791100540810C5A8,BARISHA CLUB
E2002080791100570810C5AE,BARISHA CLUB
E2002080791100580810C5B6,EKDALIA EVERGREEN
E2002080791100610770C9AF,BARISHA CLUB
E2002080791100610810C5B0,BARISHA CLUB
E2002080791100730770C9CD,BARISHA CLUB
E2002080791100750770C9CE,BARISHA CLUB
E2002080791100750810C5CF,BARISHA CLUB
E2002080791100760770C9D6,BARISHA CLUB
E2002080791100840800C7E7,DUM DUM PARK BHARAT CHAKRA
E2002080791100880780CBCC,TALA BAROWARI DURGOTSOB
E2002080791100910780CBE1,BARISHA CLUB
E2002080791100950790C9EC,DUM DUM PARK BHARAT CHAKRA
E2002080791101030810C60D,BARISHA CLUB
E2002080791101070770CA0E,BARISHA CLUB
E2002080791101070810C60F,TELENGABAGAN SARBOJONIN
E2002080791101090780CC02,BARISHA CLUB
E2002080791101100810C618,BARISHA CLUB
E2002080791101110770CA10,BARISHA CLUB
E2002080791101120770CA18,BARISHA CLUB
E2002080791101120780CBFC,BARISHA CLUB
E2002080791101140810C626,BARISHA CLUB
E2002080791101160780CC0A,BARISHA CLUB
E2002080791101160810C627,EKDALIA EVERGREEN
E2002080791101190780CC13,BOSE PUKUR TALBAGAN
E2002080791101200810C635,BARISHA CLUB
E2002080791101210780CC14,BARISHA CLUB
E2002080791101370780CC34,EKDALIA EVERGREEN
E2002080791101450800C85E,BARISHA CLUB
E2002080791101510780CC53,EKDALIA EVERGREEN
E2002080791101580780CC5B,BARISHA CLUB
E2002080791101590800C87D,TALA BAROWARI DURGOTSOB
E2002080791101640770CA86,BARISHA CLUB
E2002080791101730810C690,TELENGABAGAN SARBOJONIN
E2002080791101790770CA9E,BARISHA CLUB
E2002080791101820790CAA3,BARISHA CLUB
E2002080791101910780CCA3,BARISHA CLUB
E2002080791101930780CCA4,TELENGABAGAN SARBOJONIN
E2002080791101980790CAC3,BARISHA CLUB
E2002080791101990810C6CD,EKDALIA EVERGREEN
E2002080791102010780CCB4,BARISHA CLUB
E2002080791102070780CCC3,EKDALIA EVERGREEN
E2002080791102100780CCC9,BARISHA CLUB
E2002080791102450770CB1F,BOSE PUKUR TALBAGAN
E2002080791102620790CB43,HATIBAGAN NABIN PALLY
E2002080791102680780CD3A,TELENGABAGAN SARBOJONIN
E2002080791402262310288A,DUM DUM PARK BHARAT CHAKRA
E20020807914023223102899,DUM DUM PARK BHARAT CHAKRA
E200208079140249231028B2,DUM DUM PARK BHARAT CHAKRA
E200208079140260232026FE,BARISHA CLUB
E2003009280300290800C73C,DUM DUM PARK BHARAT CHAKRA
E2003009280300320810BFAD,BARISHA CLUB
E2003009280300360740C756,AHIRITOLA SARBOJANIN
E2003009280300370790C71B,TALA BAROWARI DURGOTSOB
E2003009280300380800C718,HATIBAGAN NABIN PALLY
E2003009280300390810BFC9,DUM DUM PARK BHARAT CHAKRA
E2003009280300410780C70A,DUM DUM PARK BHARAT CHAKRA
E2003009280300420820BFD6,DUM DUM PARK BHARAT CHAKRA
E2003009280300430740C772,AHIRITOLA SARBOJANIN
E2003009280300440810BFDD,HATIBAGAN NABIN PALLY
E2003009280300440830BFDF,HATIBAGAN NABIN PALLY
E2003009280300450710CE6B,DUM DUM PARK BHARAT CHAKRA
E2003009280300490840BFF4,TELENGABAGAN SARBOJONIN
E2003009280300490840BFF4,HATIBAGAN NABIN PALLY
E2003009280300500710CE57,DUM DUM PARK BHARAT CHAKRA
E2003009280300520750C797,AHIRITOLA SARBOJANIN
E2003009280300530770C6D9,AHIRITOLA SARBOJANIN
E2003009280300530790C6DB,DUM DUM PARK BHARAT CHAKRA
E2003009280300570790C6CB,DUM DUM PARK BHARAT CHAKRA
E2003009280300600730C7B5,BARISHA CLUB
E2003009280300610800C6BC,DUM DUM PARK BHARAT CHAKRA
E2003009280300630730C7C1,AHIRITOLA SARBOJANIN
E2003009280300640760C7C8,HATIBAGAN NABIN PALLY
E2003009280300640810C02D,AHIRITOLA SARBOJANIN
E2003009280300660810C035,DUM DUM PARK BHARAT CHAKRA
E2003009280300670710CE13,DUM DUM PARK BHARAT CHAKRA
E2003009280300680740C7D6,AHIRITOLA SARBOJANIN
E2003009280300680810C03D,TELENGABAGAN SARBOJONIN
E2003009280300680820C03E,DUM DUM PARK BHARAT CHAKRA
E2003009280300720800C690,BARISHA CLUB
E2003009280300730800C68C,DUM DUM PARK BHARAT CHAKRA
E2003009280300740730C7ED,AHIRITOLA SARBOJANIN
E2003009280300740770C685,DUM DUM PARK BHARAT CHAKRA
E2003009280300740820C056,BARISHA CLUB
E2003009280300750710CDF3,BARISHA CLUB
E2003009280300760740C7F6,BARISHA CLUB
E2003009280300760760C7F8,BARISHA CLUB
E2003009280300770740C7FA,DUM DUM PARK BHARAT CHAKRA
E2003009280300780820C066,BOSE PUKUR TALBAGAN
E2003009280300780840C068,DUM DUM PARK BHARAT CHAKRA
E2003009280300790840C06C,BARISHA CLUB
E2003009280300810800C66C,DUM DUM PARK BHARAT CHAKRA
E2003009280300820840C078,EKDALIA EVERGREEN
E2003009280300830780C662,TELENGABAGAN SARBOJONIN
E2003009280300842700096A,DUM DUM PARK BHARAT CHAKRA
E2003009280300900710CDB7,BARISHA CLUB
E2003009280300900760C830,TELENGABAGAN SARBOJONIN
E20030092803009027200954,AHIRITOLA SARBOJANIN
E2003009280300910710CDB3,BARISHA CLUB
E2003009280300910820C09A,DUM DUM PARK BHARAT CHAKRA
E2003009280300920730C835,BARISHA CLUB
E2003009280300920770C63D,EKDALIA EVERGREEN
E2003009280300920840C0A0,AHIRITOLA SARBOJANIN
E20030092803009227300549,DUM DUM PARK BHARAT CHAKRA
E2003009280300922750054B,DUM DUM PARK BHARAT CHAKRA
E2003009280300930720CDAC,AHIRITOLA SARBOJANIN
E20030092803009327600550,BARISHA CLUB
E2003009280300940800C638,BARISHA CLUB
E20030092803009426900941,TALA BAROWARI DURGOTSOB
E20030092803009427000942,TALA BAROWARI DURGOTSOB
E2003009280300950800C634,TALA BAROWARI DURGOTSOB
E2003009280300960840C0B0,BARISHA CLUB
E2003009280300962700093A,TALA BAROWARI DURGOTSOB
E20030092803009627300559,DUM DUM PARK BHARAT CHAKRA
E2003009280300970780C62A,DUM DUM PARK BHARAT CHAKRA
E20030092803009827400562,AHIRITOLA SARBOJANIN
E200300928030101279004FB,EKDALIA EVERGREEN
E2003009280301020730C85D,BARISHA CLUB
E20030092803010227200924,DUM DUM PARK BHARAT CHAKRA
E2003009280301030710CD83,TRIKON PARK SARBOJONIN DURGA PUJA
E2003009280301030820C0CA,DUM DUM PARK BHARAT CHAKRA
E20030092803010327600578,DUM DUM PARK BHARAT CHAKRA
E200300928030103279004F3,BOSE PUKUR TALBAGAN
E20030092803010427300579,DUM DUM PARK BHARAT CHAKRA
E200300928030104281001CD,TELENGABAGAN SARBOJONIN
E2003009280301050830C0D3,DUM DUM PARK BHARAT CHAKRA
E2003009280301050840C0D4,DUM DUM PARK BHARAT CHAKRA
E2003009280301050850BE4D,TELENGABAGAN SARBOJONIN
E200300928030105279004EB,TELENGABAGAN SARBOJONIN
E2003009280301070820C0DA,AHIRITOLA SARBOJANIN
E2003009280301070830C0DB,DUM DUM PARK BHARAT CHAKRA
E2003009280301080820C0DE,DUM DUM PARK BHARAT CHAKRA
E2003009280301082700090A,TALA BAROWARI DURGOTSOB
E200300928030109277004D9,TELENGABAGAN SARBOJONIN
E200300928030109280004DC,EKDALIA EVERGREEN
E2003009280301100740C87E,DUM DUM PARK BHARAT CHAKRA
E2003009280301110730C881,BARISHA CLUB
E2003009280301120770C5ED,BARISHA CLUB
E2003009280301120790C5EF,DUM DUM PARK BHARAT CHAKRA
E2003009280301130810C0F1,BARISHA CLUB
E200300928030113280004CC,HATIBAGAN NABIN PALLY
E200300928030113283001F3,TELENGABAGAN SARBOJONIN
E200300928030113284001F4,EKDALIA EVERGREEN
E200300928030114269008F1,DUM DUM PARK BHARAT CHAKRA
E200300928030114281001F5,EKDALIA EVERGREEN
E2003009280301150730C891,AHIRITOLA SARBOJANIN
E2003009280301150830C0FB,BARISHA CLUB
E2003009280301160770C5DD,DUM DUM PARK BHARAT CHAKRA
E2003009280301160810C0FD,AHIRITOLA SARBOJANIN
E2003009280301160850BE21,BARISHA CLUB
E2003009280301170760C89C,TELENGABAGAN SARBOJONIN
E200300928030117285001A5,AHIRITOLA SARBOJANIN
E200300928030118274005B2,BARISHA CLUB
E200300928030118285001A1,DUM DUM PARK BHARAT CHAKRA
E2003009280301190750C8A3,DUM DUM PARK BHARAT CHAKRA
E200300928030119273005B5,TELENGABAGAN SARBOJONIN
E2003009280301200760C8A8,AHIRITOLA SARBOJANIN
E200300928030120272008DC,DUM DUM PARK BHARAT CHAKRA
E2003009280301202860019A,TELENGABAGAN SARBOJONIN
E2003009280301202860019A,HATIBAGAN NABIN PALLY
E2003009280301210760C8AC,AHIRITOLA SARBOJANIN
E20030092803012128200212,TELENGABAGAN SARBOJONIN
E2003009280301220840C118,BARISHA CLUB
E200300928030122271008D3,DUM DUM PARK BHARAT CHAKRA
E200300928030122275005C3,DUM DUM PARK BHARAT CHAKRA
E2003009280301230720CD34,BARISHA CLUB
E2003009280301230730C8B1,DUM DUM PARK BHARAT CHAKRA
E200300928030123278004A2,HATIBAGAN NABIN PALLY
E200300928030123280004A4,BOSE PUKUR TALBAGAN
E2003009280301232860018E,DUM DUM PARK BHARAT CHAKRA
E2003009280301240790C5BF,BARISHA CLUB
E20030092803012428400220,HATIBAGAN NABIN PALLY
E20030092803012528400224,TRIKON PARK SARBOJONIN DURGA PUJA
E2003009280301260760C8C0,HATIBAGAN NABIN PALLY
E2003009280301260810C125,AHIRITOLA SARBOJANIN
E200300928030126269008C1,TELENGABAGAN SARBOJONIN
E200300928030126272008C4,DUM DUM PARK BHARAT CHAKRA
E20030092803012628300227,TELENGABAGAN SARBOJONIN
E200300928030127269008BD,BARISHA CLUB
E200300928030127272008C0,BARISHA CLUB
E2003009280301272840022C,HATIBAGAN NABIN PALLY
E2003009280301280780C5AE,EKDALIA EVERGREEN
E2003009280301280820C12E,DUM DUM PARK BHARAT CHAKRA
E20030092803012828400230,HATIBAGAN NABIN PALLY
E200300928030129275005DF,AHIRITOLA SARBOJANIN
E2003009280301310790C5A3,DUM DUM PARK BHARAT CHAKRA
E2003009280301320840C140,AHIRITOLA SARBOJANIN
E200300928030132269008A9,DUM DUM PARK BHARAT CHAKRA
E200300928030132272008AC,BARISHA CLUB
E20030092803013228500169,TELENGABAGAN SARBOJONIN
E2003009280301330800C59C,AHIRITOLA SARBOJANIN
E200300928030133271008A7,DUM DUM PARK BHARAT CHAKRA
E20030092803013328100241,TELENGABAGAN SARBOJONIN
E20030092803013428000478,BARISHA CLUB
E20030092803013428600162,DUM DUM PARK BHARAT CHAKRA
E2003009280301350760C8E4,TELENGABAGAN SARBOJONIN
E2003009280301352870015F,AHIRITOLA SARBOJANIN
E20030092803013528800160,TALA BAROWARI DURGOTSOB
E200300928030136273005F9,DUM DUM PARK BHARAT CHAKRA
E2003009280301370770C589,AHIRITOLA SARBOJANIN
E2003009280301380790C587,DUM DUM PARK BHARAT CHAKRA
E20030092803013828800154,AHIRITOLA SARBOJANIN
E2003009280301390740C8F2,BARISHA CLUB
E2003009280301390750C8F3,DUM DUM PARK BHARAT CHAKRA
E2003009280301390830C15B,DUM DUM PARK BHARAT CHAKRA
E20030092803013927500607,BARISHA CLUB
E2003009280301402700088A,TALA BAROWARI DURGOTSOB
E2003009280301402750060B,AHIRITOLA SARBOJANIN
E2003009280301410740C8FA,DUM DUM PARK BHARAT CHAKRA
E2003009280301410840C164,BARISHA CLUB
E20030092803014127100887,TALA BAROWARI DURGOTSOB
E20030092803014128600146,AHIRITOLA SARBOJANIN
E20030092803014128900025,DUM DUM PARK BHARAT CHAKRA
E20030092803014227700455,TELENGABAGAN SARBOJONIN
E20030092803014228800144,DUM DUM PARK BHARAT CHAKRA
E20030092803014228900029,AHIRITOLA SARBOJANIN
E20030092803014327500617,BARISHA CLUB
E2003009280301432820026A,AHIRITOLA SARBOJANIN
E2003009280301432830026B,BOSE PUKUR TALBAGAN
E2003009280301432860013E,HATIBAGAN NABIN PALLY
E2003009280301440720CCE0,TELENGABAGAN SARBOJONIN
E2003009280301442700087A,AHIRITOLA SARBOJANIN
E20030092803014627200874,TALA BAROWARI DURGOTSOB
E20030092803014628400278,EKDALIA EVERGREEN
E2003009280301470730C911,DUM DUM PARK BHARAT CHAKRA
E2003009280301470810C179,BARISHA CLUB
E2003009280301480750C917,TALA BAROWARI DURGOTSOB
E2003009280301482790043F,BOSE PUKUR TALBAGAN
E2003009280301490740C91A,DUM DUM PARK BHARAT CHAKRA
E2003009280301500750C91F,EKDALIA EVERGREEN
E20030092803015028400288,DUM DUM PARK BHARAT CHAKRA
E20030092803015028600122,HATIBAGAN NABIN PALLY
E2003009280301510760C924,AHIRITOLA SARBOJANIN
E2003009280301510790C553,DUM DUM PARK BHARAT CHAKRA
E2003009280301522830028F,TELENGABAGAN SARBOJONIN
E2003009280301522880011C,TALA BAROWARI DURGOTSOB
E2003009280301530730C929,DUM DUM PARK BHARAT CHAKRA
E2003009280301530740C92A,TELENGABAGAN SARBOJONIN
E20030092803015326900855,TELENGABAGAN SARBOJONIN
E20030092803015328600116,TALA BAROWARI DURGOTSOB
E2003009280301540850BD89,AHIRITOLA SARBOJANIN
E20030092803015428700113,AHIRITOLA SARBOJANIN
E2003009280301550730C931,AHIRITOLA SARBOJANIN
E2003009280301552700084E,DUM DUM PARK BHARAT CHAKRA
E20030092803015527900423,TELENGABAGAN SARBOJONIN
E20030092803015528100299,DUM DUM PARK BHARAT CHAKRA
E2003009280301552870010F,AHIRITOLA SARBOJANIN
E2003009280301560720CCB0,DUM DUM PARK BHARAT CHAKRA
E2003009280301570790C53B,DUM DUM PARK BHARAT CHAKRA
E2003009280301572790041B,DUM DUM PARK BHARAT CHAKRA
E20030092803015728600106,EKDALIA EVERGREEN
E200300928030159282002AA,TALA BAROWARI DURGOTSOB
E2003009280301600740C946,BARISHA CLUB
E2003009280301600750C947,DUM DUM PARK BHARAT CHAKRA
E2003009280301610780C52A,TELENGABAGAN SARBOJONIN
E20030092803016127600660,HATIBAGAN NABIN PALLY
E2003009280301612790040B,EKDALIA EVERGREEN
E2003009280301640720CC90,DUM DUM PARK BHARAT CHAKRA
E2003009280301640830C1BF,BARISHA CLUB
E2003009280301642760066C,HATIBAGAN NABIN PALLY
E200300928030164283002BF,EKDALIA EVERGREEN
E2003009280301650790C51B,DUM DUM PARK BHARAT CHAKRA
E20030092803016527600670,TALA BAROWARI DURGOTSOB
E200300928030165284002C4,AHIRITOLA SARBOJANIN
E2003009280301660800C518,BARISHA CLUB
E200300928030166283002C7,BARISHA CLUB
E2003009280301670750C963,DUM DUM PARK BHARAT CHAKRA
E2003009280301670770C511,AHIRITOLA SARBOJANIN
E2003009280301680840C1D0,TELENGABAGAN SARBOJONIN
E2003009280301682740067A,TELENGABAGAN SARBOJONIN
E200300928030168277003ED,DUM DUM PARK BHARAT CHAKRA
E200300928030169277003E9,DUM DUM PARK BHARAT CHAKRA
E200300928030169280003EC,TELENGABAGAN SARBOJONIN
E20030092803017027200814,BARISHA CLUB
E200300928030170284002D8,TELENGABAGAN SARBOJONIN
E200300928030170284002D8,HATIBAGAN NABIN PALLY
E200300928030170287000D3,TELENGABAGAN SARBOJONIN
E2003009280301710840C1DC,BARISHA CLUB
E2003009280301720790C4FF,DUM DUM PARK BHARAT CHAKRA
E2003009280301722710080B,AHIRITOLA SARBOJANIN
E200300928030172287000CB,BARISHA CLUB
E2003009280301730840C1E4,DUM DUM PARK BHARAT CHAKRA
E2003009280301740770C4F5,EKDALIA EVERGREEN
E200300928030175277003D1,EKDALIA EVERGREEN
E200300928030175283002EB,BARISHA CLUB
E2003009280301760800C4F0,DUM DUM PARK BHARAT CHAKRA
E2003009280301760810C1ED,BARISHA CLUB
E2003009280301770750C98B,DUM DUM PARK BHARAT CHAKRA
E200300928030177283002F3,HATIBAGAN NABIN PALLY
E2003009280301780810C1F5,DUM DUM PARK BHARAT CHAKRA
E2003009280301780820C1F6,DUM DUM PARK BHARAT CHAKRA
E200300928030178282002F6,TELENGABAGAN SARBOJONIN
E200300928030178282002F6,HATIBAGAN NABIN PALLY
E200300928030180271007EB,TALA BAROWARI DURGOTSOB
E200300928030180286000AA,DUM DUM PARK BHARAT CHAKRA
E2003009280301810730C999,DUM DUM PARK BHARAT CHAKRA
E200300928030181274006AE,DUM DUM PARK BHARAT CHAKRA
E2003009280301820740C99E,DUM DUM PARK BHARAT CHAKRA
E2003009280301820750C99F,BARISHA CLUB
E2003009280301820790C4D7,BARISHA CLUB
E2003009280301830730C9A1,AHIRITOLA SARBOJANIN
E2003009280301830760C9A4,AHIRITOLA SARBOJANIN
E200300928030183272007E0,DUM DUM PARK BHARAT CHAKRA
E2003009280301860800C4C8,DUM DUM PARK BHARAT CHAKRA
E200300928030187270007CE,DUM DUM PARK BHARAT CHAKRA
E200300928030187278003A2,TELENGABAGAN SARBOJONIN
E2003009280301880730C9B5,AHIRITOLA SARBOJANIN
E2003009280301880760C9B8,BOSE PUKUR TALBAGAN
E2003009280301880770C4BD,TELENGABAGAN SARBOJONIN
E2003009280301880840C220,AHIRITOLA SARBOJANIN
E2003009280301882780039E,EKDALIA EVERGREEN
E2003009280301882820031E,TALA BAROWARI DURGOTSOB
E2003009280301890800C4BC,DUM DUM PARK BHARAT CHAKRA
E2003009280301890850BCFD,DUM DUM PARK BHARAT CHAKRA
E2003009280301900740C9BE,DUM DUM PARK BHARAT CHAKRA
E2003009280301900790C4B7,DUM DUM PARK BHARAT CHAKRA
E2003009280301900810C225,AHIRITOLA SARBOJANIN
E200300928030190271007C3,BARISHA CLUB
E200300928030190275006D3,DUM DUM PARK BHARAT CHAKRA
E2003009280301910740C9C2,DUM DUM PARK BHARAT CHAKRA
E2003009280301910850BCF5,EKDALIA EVERGREEN
E2003009280301920750C9C7,DUM DUM PARK BHARAT CHAKRA
E2003009280301920820C22E,DUM DUM PARK BHARAT CHAKRA
E2003009280301920840C230,BARISHA CLUB
E2003009280301930720CC1C,BOSE PUKUR TALBAGAN
E200300928030194276006E4,HATIBAGAN NABIN PALLY
E2003009280301950740C9D2,BARISHA CLUB
E200300928030195272007B0,BARISHA CLUB
E2003009280301960750C9D7,DUM DUM PARK BHARAT CHAKRA
E2003009280301960850BCE1,AHIRITOLA SARBOJANIN
E200300928030196269007A9,TELENGABAGAN SARBOJONIN
E200300928030196271007AB,TALA BAROWARI DURGOTSOB
E2003009280301962790037F,DUM DUM PARK BHARAT CHAKRA
E2003009280301970840C244,AHIRITOLA SARBOJANIN
E200300928030197271007A7,DUM DUM PARK BHARAT CHAKRA
E2003009280301980740C9DE,AHIRITOLA SARBOJANIN
E2003009280301980770C495,TELENGABAGAN SARBOJONIN
E2003009280301980770C495,HATIBAGAN NABIN PALLY
E200300928030198270007A2,DUM DUM PARK BHARAT CHAKRA
E200300928030198276006F4,TELENGABAGAN SARBOJONIN
E2003009280301990770C491,TELENGABAGAN SARBOJONIN
E20030092803019928000374,DUM DUM PARK BHARAT CHAKRA
E2003009280302000830C24F,DUM DUM PARK BHARAT CHAKRA
E2003009280302020780C486,EKDALIA EVERGREEN
E20030092803020227200794,DUM DUM PARK BHARAT CHAKRA
E2003009280302032710078F,TALA BAROWARI DURGOTSOB
E20030092803020327800362,HATIBAGAN NABIN PALLY
E2003009280302040770C47D,EKDALIA EVERGREEN
E2003009280302050850BCBD,DUM DUM PARK BHARAT CHAKRA
E2003009280302060820C266,BARISHA CLUB
E20030092803020627300711,AHIRITOLA SARBOJANIN
E2003009280302070730CA01,BARISHA CLUB
E2003009280302080720CBE0,AHIRITOLA SARBOJANIN
E20030092803020927200778,DUM DUM PARK BHARAT CHAKRA
E2003009280302092750071F,TELENGABAGAN SARBOJONIN
E20030092803021026900771,DUM DUM PARK BHARAT CHAKRA
E2003009280302110790C463,HATIBAGAN NABIN PALLY
E2003009280302120720CBD0,DUM DUM PARK BHARAT CHAKRA
E2003009280302130720CBCC,BARISHA CLUB
E2003009280302132730072D,TELENGABAGAN SARBOJONIN
E2003009280302140720CBC8,BARISHA CLUB
E2003009280302140760CA20,DUM DUM PARK BHARAT CHAKRA
E2003009280302140820C286,BARISHA CLUB
E20030092803021427300731,DUM DUM PARK BHARAT CHAKRA
E2003009280302150740CA22,HATIBAGAN NABIN PALLY
E2003009280302160780C44E,EKDALIA EVERGREEN
E2003009280302170760CA2C,TELENGABAGAN SARBOJONIN
E2003009280302180770C445,AHIRITOLA SARBOJANIN
E2003009280302180840C298,DUM DUM PARK BHARAT CHAKRA
E2003009280302190730CA31,BOSE PUKUR TALBAGAN
E2003009280302200820C29E,BARISHA CLUB
E2003009280302210740CA3A,TELENGABAGAN SARBOJONIN
E2003009280302210820C2A2,DUM DUM PARK BHARAT CHAKRA
E2003009280302210830C2A3,TELENGABAGAN SARBOJONIN
E20030092803022126900745,HATIBAGAN NABIN PALLY
E2003009280302230760CA44,DUM DUM PARK BHARAT CHAKRA
E2003009280302230770C431,DUM DUM PARK BHARAT CHAKRA
E2003009280302250760CA4C,BARISHA CLUB
E2003009280302250840C2B4,AHIRITOLA SARBOJANIN
E2003009280302260840C2B8,BOSE PUKUR TALBAGAN
E2003009280302270850BC65,EKDALIA EVERGREEN
E2003009280302280830C2BF,TELENGABAGAN SARBOJONIN
E2003009280302280850BC61,DUM DUM PARK BHARAT CHAKRA
E2003009280302290800C41C,EKDALIA EVERGREEN
E2003009280302300790C417,TALA BAROWARI DURGOTSOB
E2003009280302300810C2C5,BARISHA CLUB
E2003009280302300830C2C7,DUM DUM PARK BHARAT CHAKRA
E2003009280302310800C414,DUM DUM PARK BHARAT CHAKRA
E2003009280302320780C40E,EKDALIA EVERGREEN
E2003009280302330770C409,TELENGABAGAN SARBOJONIN
E2003009280302350850BC45,AHIRITOLA SARBOJANIN
E2003009280302360810C2DD,TELENGABAGAN SARBOJONIN
E2003009280302380800C3F8,DUM DUM PARK BHARAT CHAKRA
E2003009280302400780C3EE,AHIRITOLA SARBOJANIN
E2003009280302400780C3EE,DUM DUM PARK BHARAT CHAKRA
E2003009280302400790C3EF,BARISHA CLUB
E2003009280302400810C2ED,DUM DUM PARK BHARAT CHAKRA
E2003009280302400820C2EE,BARISHA CLUB
E2003009280302400840C2F0,AHIRITOLA SARBOJANIN
E2003009280302440800C3E0,DUM DUM PARK BHARAT CHAKRA
E2003009280302470730CAA1,TELENGABAGAN SARBOJONIN
E2003009280302470750CAA3,EKDALIA EVERGREEN
E2003009280302470850BC15,AHIRITOLA SARBOJANIN
E2003009280302490740CAAA,EKDALIA EVERGREEN
E2003009280302490850BC0D,HATIBAGAN NABIN PALLY
E2003009280302500840C318,AHIRITOLA SARBOJANIN
E2003009280302570800C3AC,DUM DUM PARK BHARAT CHAKRA
E2003009280302570840C334,DUM DUM PARK BHARAT CHAKRA
E2003009280302580740CACE,EKDALIA EVERGREEN
E2003009280302580800C3A8,BARISHA CLUB
E2003009280302620830C347,DUM DUM PARK BHARAT CHAKRA
E2003009280302630780C392,AHIRITOLA SARBOJANIN
E2003009280302640780C38E,DUM DUM PARK BHARAT CHAKRA
E2003009280302640830C34F,DUM DUM PARK BHARAT CHAKRA
E2003009280302650770C389,HATIBAGAN NABIN PALLY
E2003009280302650820C352,BARISHA CLUB
E2003009280302660740CAEE,EKDALIA EVERGREEN
E2003009280302680820C35E,DUM DUM PARK BHARAT CHAKRA
E2003009280302700820C366,BARISHA CLUB
E20030092807006726200EAA,TELENGABAGAN SARBOJONIN
E200300928070075267009A3,TALA BAROWARI DURGOTSOB
E200300928070076265009A5,EKDALIA EVERGREEN
E200300928070077267009AB,TALA BAROWARI DURGOTSOB
E200300928070082267009BF,AHIRITOLA SARBOJANIN
E20030092807008926900955,BARISHA CLUB
E2003009280700892750053F,HATIBAGAN NABIN PALLY
E20030092807009026200E4E,EKDALIA EVERGREEN
E20030092807009027100953,BARISHA CLUB
E200300928070091265009E1,EKDALIA EVERGREEN
E20030092807009326900945,TELENGABAGAN SARBOJONIN
E20030092807009327100947,TELENGABAGAN SARBOJONIN
E200300928070095268009F4,BARISHA CLUB
E200300928070097265009F9,EKDALIA EVERGREEN
E200300928070098266009FE,TELENGABAGAN SARBOJONIN
E20030092807009827900507,TELENGABAGAN SARBOJONIN
E20030092807009927200930,DUM DUM PARK BHARAT CHAKRA
E20030092807009927700501,DUM DUM PARK BHARAT CHAKRA
E200300928070100279004FF,TELENGABAGAN SARBOJONIN
E2003009280701012740056E,DUM DUM PARK BHARAT CHAKRA
E200300928070102279004F7,DUM DUM PARK BHARAT CHAKRA
E2003009280701042700091A,BARISHA CLUB
E200300928070104281001CD,TELENGABAGAN SARBOJONIN
E200300928070107280004E4,TELENGABAGAN SARBOJONIN
E20030092807010826800A28,BARISHA CLUB
E20030092807010826900909,BARISHA CLUB
E2003009280701082700090A,DUM DUM PARK BHARAT CHAKRA
E200300928070108277004DD,DUM DUM PARK BHARAT CHAKRA
E200300928070108278004DE,DUM DUM PARK BHARAT CHAKRA
E200300928070108283001DF,DUM DUM PARK BHARAT CHAKRA
E2003009280701132750059F,DUM DUM PARK BHARAT CHAKRA
E200300928070115284001FC,DUM DUM PARK BHARAT CHAKRA
E200300928070116278004BE,DUM DUM PARK BHARAT CHAKRA
E200300928070116279004BF,BARISHA CLUB
E200300928070116285001A9,EKDALIA EVERGREEN
E200300928070117269008E5,EKDALIA EVERGREEN
E20030092807012126200DD2,EKDALIA EVERGREEN
E20030092807012228300217,DUM DUM PARK BHARAT CHAKRA
E20030092807012228400218,DUM DUM PARK BHARAT CHAKRA
E2003009280701232840021C,DUM DUM PARK BHARAT CHAKRA
E20030092807012526600A6A,AHIRITOLA SARBOJANIN
E200300928070125270008C6,TELENGABAGAN SARBOJONIN
E200300928070125272008C8,DUM DUM PARK BHARAT CHAKRA
E200300928070126275005D3,DUM DUM PARK BHARAT CHAKRA
E200300928070127275005D7,DUM DUM PARK BHARAT CHAKRA
E2003009280701272870017F,HATIBAGAN NABIN PALLY
E20030092807012928400234,AHIRITOLA SARBOJANIN
E20030092807012928500175,DUM DUM PARK BHARAT CHAKRA
E20030092807013028200236,BARISHA CLUB
E20030092807013126500A81,DUM DUM PARK BHARAT CHAKRA
E20030092807013226300DA7,DUM DUM PARK BHARAT CHAKRA
E200300928070132269008A9,BARISHA CLUB
E200300928070133275005EF,DUM DUM PARK BHARAT CHAKRA
E20030092807013328200242,DUM DUM PARK BHARAT CHAKRA
E20030092807013328400244,DUM DUM PARK BHARAT CHAKRA
E200300928070134274005F2,BARISHA CLUB
E200300928070134275005F3,BARISHA CLUB
E20030092807013428800164,DUM DUM PARK BHARAT CHAKRA
E20030092807013526400D9C,AHIRITOLA SARBOJANIN
E20030092807013727000896,EKDALIA EVERGREEN
E20030092807013727700469,AHIRITOLA SARBOJANIN
E20030092807013728200252,AHIRITOLA SARBOJANIN
E20030092807013828600152,DUM DUM PARK BHARAT CHAKRA
E2003009280701402760060C,DUM DUM PARK BHARAT CHAKRA
E2003009280701442710087B,DUM DUM PARK BHARAT CHAKRA
E20030092807014528100271,DUM DUM PARK BHARAT CHAKRA
E20030092807014528600136,DUM DUM PARK BHARAT CHAKRA
E20030092807014626800AC0,TELENGABAGAN SARBOJONIN
E20030092807014628100275,BARISHA CLUB
E20030092807014726800AC4,TELENGABAGAN SARBOJONIN
E2003009280701472700086E,TELENGABAGAN SARBOJONIN
E20030092807014728000444,DUM DUM PARK BHARAT CHAKRA
E2003009280701472830027B,DUM DUM PARK BHARAT CHAKRA
E20030092807014828000440,DUM DUM PARK BHARAT CHAKRA
E2003009280701482810027D,BARISHA CLUB
E20030092807014828500129,DUM DUM PARK BHARAT CHAKRA
E20030092807015127200860,AHIRITOLA SARBOJANIN
E20030092807015127300635,DUM DUM PARK BHARAT CHAKRA
E2003009280701512870011F,DUM DUM PARK BHARAT CHAKRA
E2003009280701552830029B,AHIRITOLA SARBOJANIN
E20030092807015626300D47,AHIRITOLA SARBOJANIN
E2003009280701562750064B,DUM DUM PARK BHARAT CHAKRA
E20030092807015628500109,DUM DUM PARK BHARAT CHAKRA
E20030092807015728500105,DUM DUM PARK BHARAT CHAKRA
E20030092807015828000418,DUM DUM PARK BHARAT CHAKRA
E20030092807015927400656,DUM DUM PARK BHARAT CHAKRA
E200300928070159287000FF,BARISHA CLUB
E200300928070160286000FA,DUM DUM PARK BHARAT CHAKRA
E20030092807016126400D34,AHIRITOLA SARBOJANIN
E200300928070161286000F6,TELENGABAGAN SARBOJONIN
E200300928070163281002B9,DUM DUM PARK BHARAT CHAKRA
E2003009280701642700082A,TALA BAROWARI DURGOTSOB
E2003009280701642750066B,DUM DUM PARK BHARAT CHAKRA
E200300928070164281002BD,DUM DUM PARK BHARAT CHAKRA
E20030092807016526500B09,AHIRITOLA SARBOJANIN
E2003009280701652730066D,EKDALIA EVERGREEN
E20030092807016626900821,BARISHA CLUB
E200300928070166287000E3,DUM DUM PARK BHARAT CHAKRA
E200300928070167280003F4,TELENGABAGAN SARBOJONIN
E200300928070168278003EE,AHIRITOLA SARBOJANIN
E200300928070168281002CD,AHIRITOLA SARBOJANIN
E200300928070168284002D0,DUM DUM PARK BHARAT CHAKRA
E200300928070168285000D9,DUM DUM PARK BHARAT CHAKRA
E20030092807016926300D13,BARISHA CLUB
E20030092807017027400682,DUM DUM PARK BHARAT CHAKRA
E20030092807017027500683,DUM DUM PARK BHARAT CHAKRA
E200300928070170286000D2,TALA BAROWARI DURGOTSOB
E20030092807017226900809,EKDALIA EVERGREEN
E200300928070173280003DC,TELENGABAGAN SARBOJONIN
E200300928070173286000C6,DUM DUM PARK BHARAT CHAKRA
E20030092807017426700B2F,AHIRITOLA SARBOJANIN
E20030092807017426900801,BARISHA CLUB
E20030092807017427000802,HATIBAGAN NABIN PALLY
E200300928070174284002E8,HATIBAGAN NABIN PALLY
E200300928070174287000C3,DUM DUM PARK BHARAT CHAKRA
E20030092807017527200800,TELENGABAGAN SARBOJONIN
E200300928070176272007FC,BARISHA CLUB
E20030092807017627300699,BARISHA CLUB
E2003009280701772750069F,HATIBAGAN NABIN PALLY
E200300928070177282002F2,DUM DUM PARK BHARAT CHAKRA
E200300928070178276006A4,TALA BAROWARI DURGOTSOB
E20030092807018026700B47,BARISHA CLUB
E200300928070180283002FF,AHIRITOLA SARBOJANIN
E20030092807018226800B50,TELENGABAGAN SARBOJONIN
E200300928070182274006B2,DUM DUM PARK BHARAT CHAKRA
E20030092807018228300307,DUM DUM PARK BHARAT CHAKRA
E2003009280701832850009D,AHIRITOLA SARBOJANIN
E200300928070184275006BB,DUM DUM PARK BHARAT CHAKRA
E20030092807018428500099,DUM DUM PARK BHARAT CHAKRA
E200300928070185270007D6,AHIRITOLA SARBOJANIN
E200300928070186273006C1,EKDALIA EVERGREEN
E20030092807018628100315,DUM DUM PARK BHARAT CHAKRA
E2003009280701872830031B,DUM DUM PARK BHARAT CHAKRA
E200300928070188272007CC,TELENGABAGAN SARBOJONIN
E20030092807019126300CBB,TELENGABAGAN SARBOJONIN
E20030092807019126300CBB,BOSE PUKUR TALBAGAN
E20030092807019328100331,HATIBAGAN NABIN PALLY
E20030092807019526800B84,AHIRITOLA SARBOJANIN
E20030092807019628000380,DUM DUM PARK BHARAT CHAKRA
E200300928070197272007A8,BARISHA CLUB
E20030092807020127700369,BARISHA CLUB
E20030092807020327800362,AHIRITOLA SARBOJANIN
E20030092807020426700BA7,AHIRITOLA SARBOJANIN
E2003009280702042780035E,DUM DUM PARK BHARAT CHAKRA
E20030092807021426600BCE,DUM DUM PARK BHARAT CHAKRA
E20030092807022926300C23,TELENGABAGAN SARBOJONIN
E200300928120036226028D6,TALA BAROWARI DURGOTSOB
E200300928120039232028AC,TELENGABAGAN SARBOJONIN
E200300928120041231028A3,BARISHA CLUB
E200300928120044235021B7,BARISHA CLUB
E20030092812004523102893,TELENGABAGAN SARBOJONIN
E20030092812004523702181,EKDALIA EVERGREEN
E200300928120046234021BE,BARISHA CLUB
E200300928120046235021BF,BARISHA CLUB
E20030092812004624301AE3,BOSE PUKUR TALBAGAN
E20030092812004724301AE7,BARISHA CLUB
E200300928120053236021DC,BARISHA CLUB
E20030092812005324201AFE,BARISHA CLUB
E2003009281200532490148D,DUM DUM PARK BHARAT CHAKRA
E200300928120055234021E2,BARISHA CLUB
E20030092812005622602926,TELENGABAGAN SARBOJONIN
E20030092812005624301B0B,EKDALIA EVERGREEN
E20030092812005723102863,EKDALIA EVERGREEN
E20030092812005723202864,BARISHA CLUB
E200300928120057236021EC,TELENGABAGAN SARBOJONIN
E20030092812005724201B0E,BARISHA CLUB
E2003009281200582290285D,TELENGABAGAN SARBOJONIN
E20030092812005823202860,BARISHA CLUB
E200300928120059235021F3,BARISHA CLUB
E200300928120059236021F4,EKDALIA EVERGREEN
E20030092812005924701AA3,BARISHA CLUB
E20030092812006023202858,BARISHA CLUB
E20030092812006024201B1A,BARISHA CLUB
E20030092812006024301B1B,EKDALIA EVERGREEN
E20030092812006123102853,BARISHA CLUB
E20030092812006123202854,BARISHA CLUB
E20030092812006124401B20,EKDALIA EVERGREEN
E20030092812006423502207,TALA BAROWARI DURGOTSOB
E20030092812006523702131,BARISHA CLUB
E2003009281200662380212E,DUM DUM PARK BHARAT CHAKRA
E20030092812006722802954,EKDALIA EVERGREEN
E20030092812006723402212,BARISHA CLUB
E20030092812006723502213,EKDALIA EVERGREEN
E20030092812006724101B35,BOSE PUKUR TALBAGAN
E20030092812006923702121,HATIBAGAN NABIN PALLY
E20030092812006924201B3E,BARISHA CLUB
E20030092812007122802964,BOSE PUKUR TALBAGAN
E20030092812007124301B47,BARISHA CLUB
E20030092812007324201B4E,BARISHA CLUB
E20030092812007424801A68,EKDALIA EVERGREEN
E20030092812007524301B57,BARISHA CLUB
E20030092812007622602976,BOSE PUKUR TALBAGAN
E20030092812007623502237,BARISHA CLUB
E20030092812007624301B5B,BARISHA CLUB
E20030092812007824002100,BARISHA CLUB
E20030092812007924101B65,BARISHA CLUB
E20030092812008123102803,AHIRITOLA SARBOJANIN
E20030092812008222802990,AHIRITOLA SARBOJANIN
E200300928120082240020F0,BARISHA CLUB
E200300928120083240020EC,EKDALIA EVERGREEN
E200300928120086237020DD,BARISHA CLUB
E200300928120087226029A2,TELENGABAGAN SARBOJONIN
E20030092812008823302265,BARISHA CLUB
E20030092812008823402266,BARISHA CLUB
E200300928120089237020D1,BARISHA CLUB
E2003009281200902350226F,BARISHA CLUB
E20030092812009123602274,BOSE PUKUR TALBAGAN
E200300928120092232027D8,BARISHA CLUB
E200300928120095226029C2,TELENGABAGAN SARBOJONIN
E20030092812009523502283,EKDALIA EVERGREEN
E20030092812009623402286,BARISHA CLUB
E200300928120096238020B6,DUM DUM PARK BHARAT CHAKRA
E200300928120097226029CA,BARISHA CLUB
E2003009281200972340228A,BARISHA CLUB
E200300928120098230027BE,TELENGABAGAN SARBOJONIN
E200300928120099232027BC,BARISHA CLUB
E20030092812009923602294,TALA BAROWARI DURGOTSOB
E20030092812009924501A01,DUM DUM PARK BHARAT CHAKRA
E200300928120100239020A7,BARISHA CLUB
E20030092812010024101BB9,AHIRITOLA SARBOJANIN
E20030092812010124101BBD,TELENGABAGAN SARBOJONIN
E200300928120101247019FB,TELENGABAGAN SARBOJONIN
E20030092812010224201BC2,BARISHA CLUB
E200300928120103226029E2,TELENGABAGAN SARBOJONIN
E200300928120103234022A2,BARISHA CLUB
E20030092812010324201BC6,BARISHA CLUB
E200300928120104245019ED,DUM DUM PARK BHARAT CHAKRA
E200300928120105232027A4,BARISHA CLUB
E200300928120106228029F0,EKDALIA EVERGREEN
E200300928120107233022B1,EKDALIA EVERGREEN
E20030092812010724301BD7,BARISHA CLUB
E2003009281201112320278C,BARISHA CLUB
E2003009281201112390207B,EKDALIA EVERGREEN
E20030092812011223902077,BARISHA CLUB
E200300928120112246019CE,TELENGABAGAN SARBOJONIN
E200300928120112248019D0,TELENGABAGAN SARBOJONIN
E20030092812011322902781,BOSE PUKUR TALBAGAN
E20030092812011324301BEF,BARISHA CLUB
E2003009281201142370206D,EKDALIA EVERGREEN
E20030092812011424301BF3,BARISHA CLUB
E200300928120115245019C1,DUM DUM PARK BHARAT CHAKRA
E20030092812011623202778,BARISHA CLUB
E200300928120117233022D9,AHIRITOLA SARBOJANIN
E20030092812011723902063,BARISHA CLUB
E20030092812011724301BFF,EKDALIA EVERGREEN
E20030092812011822702A1F,TELENGABAGAN SARBOJONIN
E200300928120118245019B5,DUM DUM PARK BHARAT CHAKRA
E20030092812012023002766,TELENGABAGAN SARBOJONIN
E20030092812012023002766,HATIBAGAN NABIN PALLY
E20030092812012024301C0B,BARISHA CLUB
E20030092812012123202764,BARISHA CLUB
E20030092812012223202760,BARISHA CLUB
E200300928120122234022EE,AHIRITOLA SARBOJANIN
E2003009281201222390204F,BARISHA CLUB
E200300928120122245019A5,DUM DUM PARK BHARAT CHAKRA
E2003009281201232320275C,BARISHA CLUB
E2003009281201232390204B,BARISHA CLUB
E20030092812012522602A3A,BARISHA CLUB
E20030092812012523902043,BOSE PUKUR TALBAGAN
E20030092812012622602A3E,BARISHA CLUB
E20030092812012623202750,HATIBAGAN NABIN PALLY
E20030092812012723402302,BARISHA CLUB
E20030092812012822602A46,TELENGABAGAN SARBOJONIN
E20030092812012823302305,BARISHA CLUB
E20030092812012924401C30,EKDALIA EVERGREEN
E2003009281201292480198C,BOSE PUKUR TALBAGAN
E20030092812013022702A4F,AHIRITOLA SARBOJANIN
E2003009281201302350230F,BOSE PUKUR TALBAGAN
E20030092812013123502313,BARISHA CLUB
E20030092812013124301C37,BARISHA CLUB
E20030092812013322702A5B,BOSE PUKUR TALBAGAN
E2003009281201342330231D,TELENGABAGAN SARBOJONIN
E2003009281201342350231F,BARISHA CLUB
E20030092812013622602A66,TELENGABAGAN SARBOJONIN
E20030092812013723902013,BARISHA CLUB
E2003009281201382340232E,BARISHA CLUB
E20030092812013824201C52,BARISHA CLUB
E20030092812013923502333,TALA BAROWARI DURGOTSOB
E20030092812013924301C57,EKDALIA EVERGREEN
E20030092812013924401C58,EKDALIA EVERGREEN
E20030092812014024002008,TALA BAROWARI DURGOTSOB
E20030092812014123902003,BARISHA CLUB
E2003009281201422330233D,BARISHA CLUB
E20030092812014223901FFF,BARISHA CLUB
E20030092812014224002000,TELENGABAGAN SARBOJONIN
E20030092812014224501955,DUM DUM PARK BHARAT CHAKRA
E20030092812014324601952,BARISHA CLUB
E2003009281201442460194E,TELENGABAGAN SARBOJONIN
E20030092812014522702A8B,BARISHA CLUB
E2003009281201452460194A,BARISHA CLUB
E20030092812014624201C72,BARISHA CLUB
E20030092812014823402356,EKDALIA EVERGREEN
E20030092812014824301C7B,BARISHA CLUB
E2003009281201492340235A,BARISHA CLUB
E2003009281201492460193A,BARISHA CLUB
E20030092812015022502A9D,EKDALIA EVERGREEN
E200300928120150232026F0,BARISHA CLUB
E2003009281201502330235D,BARISHA CLUB
E2003009281201502340235E,BARISHA CLUB
E20030092812015024701937,BOSE PUKUR TALBAGAN
E200300928120153231026E3,AHIRITOLA SARBOJANIN
E20030092812015323901FD3,BARISHA CLUB
E20030092812015324101C8D,TELENGABAGAN SARBOJONIN
E20030092812015324101C8D,BOSE PUKUR TALBAGAN
E20030092812015424401C94,EKDALIA EVERGREEN
E20030092812015524601922,BARISHA CLUB
E200300928120156229026D5,BARISHA CLUB
E20030092812015624801920,BOSE PUKUR TALBAGAN
E200300928120158232026D0,BARISHA CLUB
E20030092812015824601916,BARISHA CLUB
E20030092812015923502383,TELENGABAGAN SARBOJONIN
E20030092812015923901FBB,BARISHA CLUB
E200300928120160230026C6,AHIRITOLA SARBOJANIN
E200300928120160232026C8,BARISHA CLUB
E20030092812016124401CB0,BARISHA CLUB
E20030092812016224401CB4,BARISHA CLUB
E20030092812016224601906,BARISHA CLUB
E20030092812016322702AD3,TELENGABAGAN SARBOJONIN
E200300928120163229026B9,DUM DUM PARK BHARAT CHAKRA
E20030092812016323801FAA,HATIBAGAN NABIN PALLY
E20030092812016324501901,TELENGABAGAN SARBOJONIN
E20030092812016324601902,BARISHA CLUB
E20030092812016422802AD8,AHIRITOLA SARBOJANIN
E200300928120164232026B8,BARISHA CLUB
E200300928120165246018FA,BARISHA CLUB
E200300928120165247018FB,TELENGABAGAN SARBOJONIN
E20030092812016624401CC4,BARISHA CLUB
E200300928120166246018F6,TELENGABAGAN SARBOJONIN
E200300928120167246018F2,BARISHA CLUB
E20030092812017023901F8F,BARISHA CLUB
E20030092812017122502AF1,DUM DUM PARK BHARAT CHAKRA
E2003009281201712300269A,HATIBAGAN NABIN PALLY
E20030092812017324201CDE,BARISHA CLUB
E200300928120173248018DC,TELENGABAGAN SARBOJONIN
E20030092812017422802B00,DUM DUM PARK BHARAT CHAKRA
E20030092812017524001F7C,BARISHA CLUB
E20030092812017622902685,BARISHA CLUB
E200300928120176246018CE,BARISHA CLUB
E20030092812017822702B0F,TELENGABAGAN SARBOJONIN
E2003009281201792320267C,BARISHA CLUB
E20030092812018124101CFD,BARISHA CLUB
E20030092812018523801F52,BARISHA CLUB
E20030092812018523901F53,BARISHA CLUB
E200300928120187233023F1,BARISHA CLUB
E200300928120187234023F2,EKDALIA EVERGREEN
E20030092812018922502B39,EKDALIA EVERGREEN
E20030092812018923002652,BARISHA CLUB
E20030092812018923202654,BARISHA CLUB
E200300928120189233023F9,BARISHA CLUB
E20030092812018924401D20,BARISHA CLUB
E2003009281201932340240A,EKDALIA EVERGREEN
E2003009281201942340240E,BARISHA CLUB
E20030092812019424001F30,DUM DUM PARK BHARAT CHAKRA
E20030092812019523901F2B,BARISHA CLUB
E20030092812019524701883,BARISHA CLUB
E20030092812019624201D3A,EKDALIA EVERGREEN
E2003009281201972340241A,BARISHA CLUB
E20030092812019724301D3F,BARISHA CLUB
E20030092812019823602420,BARISHA CLUB
E20030092812019923901F1B,BARISHA CLUB
E20030092812020023202628,BARISHA CLUB
E20030092812020023402426,BARISHA CLUB
E20030092812020023502427,BARISHA CLUB
E20030092812020024101D49,TELENGABAGAN SARBOJONIN
E20030092812020024101D49,BOSE PUKUR TALBAGAN
E20030092812020122602B6A,TELENGABAGAN SARBOJONIN
E2003009281202022330242D,BARISHA CLUB
E20030092812020323502433,BARISHA CLUB
E20030092812020423402436,BARISHA CLUB
E20030092812020523302439,BARISHA CLUB
E2003009281202052340243A,BARISHA CLUB
E20030092812020722502B81,DUM DUM PARK BHARAT CHAKRA
E2003009281202072320260C,BARISHA CLUB
E20030092812020723402442,BARISHA CLUB
E20030092812020823901EF7,BARISHA CLUB
E20030092812020923002602,BARISHA CLUB
E20030092812021323901EE3,BARISHA CLUB
E2003009281202182330246D,BARISHA CLUB
E20030092812021824401D94,TELENGABAGAN SARBOJONIN
E20030092812021923302471,EKDALIA EVERGREEN
E20030092812021924601822,BARISHA CLUB
E20030092812022023402476,TELENGABAGAN SARBOJONIN
E20030092812022224001EC0,AHIRITOLA SARBOJANIN
E20030092812022323302481,BARISHA CLUB
E20030092812022724301DB7,BARISHA CLUB
E20030092812022923901EA3,BARISHA CLUB
E20030092812023223901E97,BARISHA CLUB
E20030092812023224201DCA,TELENGABAGAN SARBOJONIN
E200300928120233230025A2,BARISHA CLUB
E200300928120234246017E6,BARISHA CLUB
E20030092812023524201DD6,EKDALIA EVERGREEN
E200300928120235246017E2,BARISHA CLUB
E20030092812023722902591,BARISHA CLUB
E20030092812023723901E83,EKDALIA EVERGREEN
E200300928120240233024C5,TELENGABAGAN SARBOJONIN
E20030092812024123901E73,BARISHA CLUB
E2003009281202422310257F,EKDALIA EVERGREEN
E200300928120244234024D6,BARISHA CLUB
E2003009281202472310256B,AHIRITOLA SARBOJANIN
E20030092812024923002562,BOSE PUKUR TALBAGAN
E20030092812025123801E4A,DUM DUM PARK BHARAT CHAKRA
E20030092812025222502C35,AHIRITOLA SARBOJANIN
E20030092812025223002556,TELENGABAGAN SARBOJONIN
E20030092812025223002556,HATIBAGAN NABIN PALLY
E20030092812025223901E47,BARISHA CLUB
E20030092812025224401E1C,BARISHA CLUB
E20030092812025322502C39,AHIRITOLA SARBOJANIN
E200300928120253236024FC,BARISHA CLUB
E20030092812025324301E1F,EKDALIA EVERGREEN
E200300928120254233024FD,TELENGABAGAN SARBOJONIN
E20030092812025723801E32,EKDALIA EVERGREEN
E20030092812025823602510,BARISHA CLUB
E20030092812025922902539,EKDALIA EVERGREEN
E20030092812026022902535,BARISHA CLUB
E20030092812026023202538,BARISHA CLUB
E200A0122803019127800392,TELENGABAGAN SARBOJONIN
E200A0122803019127800392,HATIBAGAN NABIN PALLY
E200A0122803019127800392,BOSE PUKUR TALBAGAN
E202206757060044559272A7,DUM DUM PARK BHARAT CHAKRA
